Step,Train Loss,Eval Loss,Accuracy,F1
4202,0.000000,0.005497,0.999445,0.999413
8404,0.000000,0.002820,0.999306,0.999267
12606,0.000000,0.002160,0.999445,0.999414
