Step,Train Loss,Eval Loss,Accuracy,F1
4202,0.151200,0.091785,0.981674,0.980719
8404,0.000000,0.003845,0.999583,0.999560
12606,0.000000,0.002042,0.999722,0.999707
