Step,Train Loss,Eval Loss,Accuracy,F1
4202,0.000000,0.008017,0.999306,0.999267
8404,0.000000,0.013603,0.999306,0.999267
12606,0.000000,0.017048,0.999306,0.999267
